Factor,Aerospace and Defense,Airlines,Aluminum Steel,Apparel and Textiles,Automobiles and Components,Banks,Beta,Beverages Tobacco,Biotechnology Life Sciences,Building Products,Carbon Efficiency,Chemicals,Construction and Engineering,Construction and Farm Machinery,Construction Materials Paper and Forest Product,Communications Equipment,Computers Electronics,Commercial and Professional Services,Industrial Conglomerates,Containers and Packaging,Country,Distributors Multiline Retail,Diversified Financials,Dividend Yield,Earnings Quality,Earnings Variability,Earnings Yield,Electrical Equipment,Electric Utilities,Energy Equipment & Services,ESG,Food Products,Food and Staples Retailing,Gas Utilities,Growth,Health Care Equipment and Technology,Health Care Providers (non-HMO),Homebuilding,Household Durables (non-Homebuilding),Industrial Machinery,Insurance Brokers and Reinsurance,Internet Software and IT Services,Investment Quality,Leisure Products Textiles Apparel and Luxury,Hotels Leisure and Consumer Services,Leverage,Life Health and Multi-line Insurance,Liquidity,Long-Term Reversal,Media,Managed Health Care,Mid Capitalization,Momentum,Multi-Utilities Water Utilities Power,Oil Gas and Consumable Fuels,Oil and Gas Exploration and Production,Pharmaceuticals,Precious Metals Gold Mining,Profitability,Household and Personal Products,Real Estate,Restaurants,Residual Volatility,Real Estate Management,Road and Rail,Semiconductors,Semiconductor Equipment,Short Interest,Size,Software,Specialty Retail,Specialty Chemicals,Specialty Stores,Telecommunication Services,Trading Companies and Distributors,Transportation Air Freight and Marine,Value
Aerospace and Defense,146.226946,35.9440333,30.1167581,12.1446354,-12.3616874,7.12049546,-2.22850056,3.74406025,-10.0681181,13.784759,-3.15665488,6.08882642,21.9606521,21.5448847,6.77208227,-13.1152553,-23.0198205,10.0915269,21.732023,-0.866467291,-0.591870317,3.29565299,2.83774873,2.00206595,-0.309077772,-0.869714,3.98616228,6.86594045,3.47402094,40.7693865,-0.807989415,-1.33683251,-0.187774933,-2.11658092,1.18421967,-5.43522463,4.84834764,19.8605845,6.61494421,19.7459213,11.873569,-12.2889747,1.89500538,3.54709892,11.410921,4.57448959,14.2479722,-0.99324184,1.65353692,2.73986606,1.60611686,0.158452866,-0.681803533,6.92156274,24.5646173,30.4413975,-4.11090321,18.0070525,0.030764408,-0.205332219,-0.444407705,6.32099212,-4.44779904,-5.9218122,9.44741961,-28.3501086,-28.0338377,-2.27289621,-3.16171035,-8.32663052,-6.09954997,-0.784549131,3.04201453,5.77016809,24.3360855,-8.74671001,3.39079835
Airlines,35.9440333,648.238416,-15.0056877,37.8859084,56.439214,20.4418045,14.3576364,4.50133553,-28.3984861,16.5570101,-4.2584627,-20.9512746,-3.30756576,21.8742927,19.3968378,-22.7503278,-13.3252016,8.85079995,27.3547477,-3.28747683,12.8041748,17.3985488,22.0848794,3.24674498,-1.23110368,0.676556537,-0.0836734287,-16.1611828,-21.6324723,-123.668289,-1.59289901,-1.03377788,5.22479818,-2.35043792,-2.62564298,-1.75212682,-5.12759783,-19.148822,60.2658059,23.4912152,16.7270165,1.58390926,3.01475638,47.9424505,92.4144155,4.824757,6.2888114,-3.03545923,4.41646747,3.69544915,2.62371278,-1.61968954,-3.4369469,-29.1450714,-62.92179,-107.50519,-4.85564835,-73.4327222,-3.62163027,19.9737458,7.8006846,58.355913,-7.23371394,15.1538837,45.6205996,-29.170735,-33.4533376,0.123851445,1.08960756,-12.0842196,16.4955143,21.8556933,33.3424218,-6.89760652,13.6354606,34.307306,4.07051999
Aluminum Steel,30.1167581,-15.0056877,410.039595,-1.90961598,1.35583341,25.3932699,2.48354835,-10.9777065,-18.208672,30.2721003,-10.7271757,77.3739844,65.7368296,97.4724888,58.3275965,-35.7368954,-21.1756576,9.00676177,36.1539453,35.0216236,15.5420922,4.78702832,14.3585306,0.772775837,1.40050911,-1.12811798,4.80477134,63.503632,-21.3318577,203.07195,1.3987348,-15.8985267,0.895914685,-16.7319024,-2.08024974,-17.079538,-8.99634313,-20.3604919,-2.15243131,57.7385387,1.65186579,-37.800528,6.05172896,8.55380591,-0.0402455577,5.06880021,6.42687558,-5.72664267,5.54422325,-5.54340204,3.99917841,-0.946911242,-10.1101259,-5.30983874,87.9563303,127.391028,-12.7004537,168.317695,-0.327874009,-16.6819196,-10.3765428,-15.3697494,-7.02842408,-20.1627584,41.31983,-22.8781845,-17.1908098,1.52099144,-4.89919939,-38.2248359,-15.0466146,55.0271334,15.0017824,4.07353809,73.1683951,33.8359619,4.75457521
Apparel and Textiles,12.1446354,37.8859084,-1.90961598,357.950377,21.7198667,-2.55866751,-0.178166538,11.7783403,-11.7471255,37.3382577,-4.10160167,-5.07182879,16.9812305,5.45598555,27.7287754,-15.2263999,-20.6434778,6.51444015,6.18015749,9.45720974,-5.71917045,126.286553,2.21691209,2.08594398,-2.39423925,-0.856466035,5.42042732,-10.9207643,-11.8701538,-55.3339927,-0.39652128,-2.49955507,38.1940152,-23.8977575,0.109323123,-11.7929328,17.1596982,63.062291,56.9936416,11.1676222,15.2305267,-20.4490187,2.01513355,158.20145,25.367796,5.67499316,10.5318314,-2.50947791,3.43772148,13.1451714,-3.54747977,1.88367484,-5.72977961,-17.8921775,-35.6860431,-43.4475666,-0.174106875,-29.3282275,-1.07189791,25.7398093,5.65673964,58.0072551,-0.0850759265,-5.57555016,18.8932214,-35.6079039,-37.5881467,-1.80661222,-2.68351884,-33.4462768,93.1973475,5.64158501,184.667706,10.7879318,17.0015492,4.64700161,4.26051376
Automobiles and Components,-12.3616874,56.439214,1.35583341,21.7198667,528.234295,17.0321542,16.2179651,-13.5129548,-69.9915559,16.8464444,5.15958923,3.13478397,-8.4970204,23.6196155,-0.118827239,7.29951728,29.1348948,-4.69506152,1.46938059,6.23185001,27.379243,12.2496821,-1.18960133,-1.8657618,-1.91735754,2.89326456,0.775249136,43.6227573,-33.9520162,-29.7449433,-1.41009889,-7.10720937,-2.23651183,-22.5892907,-1.86666431,-41.0034942,-35.7153617,4.82575722,38.7147387,28.4631229,-33.7906281,-28.1440333,1.81449517,20.1936264,20.812052,0.292254307,-15.9355791,3.21887681,1.31327022,1.07384162,-26.7555707,-3.79756523,-8.82017932,-36.8900248,-32.6904706,-27.0337386,-51.8455679,-16.0756904,-0.318323413,-7.24608854,-5.87435639,-10.6681706,-0.490271092,26.6940868,13.835724,52.6993169,65.5794925,3.34425708,-3.24004947,-30.941507,26.7830318,34.8466219,8.93167504,-17.0858913,25.0272496,29.8155675,3.25177287
Banks,7.12049546,20.4418045,25.3932699,-2.55866751,17.0321542,267.153717,7.04330109,-15.5936705,-13.5593173,11.8447653,-6.92429618,10.8574547,14.9149864,36.8433831,24.5124328,-29.8397967,-33.8701209,8.78304642,16.2865508,8.1425858,6.63478298,5.31562561,70.3383081,1.49087208,3.58128067,-1.97879583,8.47908283,7.65664884,-40.794207,52.7527373,1.18760533,-19.9451023,-10.3358737,-11.4500046,-2.57550467,-39.8018055,-15.4381171,-20.3969364,-12.5792136,24.3753273,34.2553697,-24.5631007,5.96945526,-7.22581793,3.55469939,0.431984292,60.7728068,-4.47336198,6.15736514,-0.591401675,-0.374941505,-4.48222793,-17.5963594,-35.65444,10.6056073,9.6250616,-22.9774006,-53.4636097,1.27459257,-21.9186586,-17.8302747,-13.4631263,-2.37415598,-4.16470971,32.2698187,-38.6391461,-62.4703876,4.5158097,-7.70175375,-22.1227421,0.79370128,8.62350228,-20.3279981,-20.41848,42.7391525,34.9853473,6.26369076
Beta,-2.22850056,14.3576364,2.48354835,-0.178166538,16.2179651,7.04330109,47.5525158,-15.3310348,-14.5936701,8.97273202,0.0962155825,1.40611798,6.93505756,12.7090348,8.07105748,1.3293876,16.7949975,-3.00393252,-1.6071076,-7.63572614,80.2825001,-9.75763259,7.49983761,0.827393345,-0.173181553,0.816227035,-0.0718131199,20.3180571,-21.7940747,2.24358232,-0.763979818,-22.0957832,-9.04962079,-15.0381091,0.907758513,-10.0240029,-11.7919899,-1.79398561,2.74262664,13.0458256,-14.5303445,3.21530322,0.0623661807,3.50723786,13.1293159,0.351695589,-2.55712858,0.760817182,-1.77445432,-1.04330751,-17.461265,2.00938141,-5.98805736,-19.8412064,-5.36672454,-1.29767585,-18.3477798,-11.2073261,-3.02784119,-16.9727588,-6.81479217,2.64540524,17.4533993,23.3610705,10.6218055,9.60678779,14.3728987,0.94383277,-6.56901382,4.53782101,9.50085032,7.60238087,-3.47320901,-20.7748995,18.3741294,4.45359016,1.90740257
Beverages Tobacco,3.74406025,4.50133553,-10.9777065,11.7783403,-13.5129548,-15.5936705,-15.3310348,103.843291,8.99590923,2.9876021,-2.53732015,-0.971870535,-6.14208384,-8.10547003,7.99406206,-8.51308677,-26.8852029,4.22341863,8.72927956,14.6389138,-32.4737396,11.5289256,-4.31420333,0.437641568,0.359990837,-2.16340474,2.18487057,-25.5891131,26.9041224,-19.4265232,0.980518127,50.5931721,21.5127729,18.5367087,0.0675386288,11.0053044,17.5300794,19.4722693,11.8557985,-3.58837735,11.7712078,-8.13663738,-0.12525519,11.3478147,1.04802229,0.498142784,-0.104175373,0.0530676748,3.59252919,6.25733536,21.1951284,0.202996664,-2.73695941,30.6751106,-2.0457428,-17.6968543,16.2824063,-0.501638568,-0.902043161,49.1623085,15.5470945,19.1181168,-5.90767016,-1.28616627,-2.21485972,-43.5131369,-54.265002,0.0635367209,1.36153708,-12.0287633,11.0755975,6.69834153,11.7871241,17.9736175,-8.15222735,3.36458549,0.241155431
Biotechnology Life Sciences,-10.0681181,-28.3984861,-18.208672,-11.7471255,-69.9915559,-13.5593173,-14.5936701,8.99590923,223.849446,5.89141296,1.6753016,-13.6197492,-15.829101,-23.3735246,3.20872648,-13.7641024,-30.4846974,-1.40618842,-11.563484,-0.260658633,-30.6830122,-10.2355213,-6.51257476,0.783664841,0.697699062,-1.61306441,-5.95267167,-26.3765865,8.73858289,-59.5302485,3.04266321,11.2109805,1.95651769,-7.19719382,-5.36750225,43.9451111,43.5478842,38.5464425,10.8972232,-19.0249109,12.5513874,-18.3032867,-1.35117545,-19.3935817,-11.4207215,-1.40556151,-2.41836327,-3.60325149,0.553332056,-13.3997927,56.6657256,-0.0113224378,-4.46806814,7.5377868,-37.2063981,-56.9408328,100.951187,-17.2581867,0.492083759,3.58345946,2.28720012,-9.38292351,-4.86343458,8.92225589,-5.17217524,-40.5800771,-37.8121354,-0.225789722,-1.92964155,-18.2532784,-1.63952244,-8.29118723,-6.81301804,11.642699,-19.328274,-12.8302889,-2.20005243
Building Products,13.784759,16.5570101,30.2721003,37.3382577,16.8464444,11.8447653,8.97273202,2.9876021,5.89141296,199.444042,-4.6041843,22.8181537,52.7747876,55.489653,86.9594347,-34.1856284,-5.27620998,19.018956,17.7586627,22.4096187,20.299693,16.6659749,7.74827083,3.2498718,-0.893015944,-1.58298446,2.1951602,60.9187646,-3.22689979,-5.32440348,0.498753799,-11.6482373,1.16865049,-16.8604116,-4.68633901,-16.5918518,12.2782772,193.50011,48.0397994,56.951065,9.08588999,-29.4563682,1.05825641,26.2759883,12.0249535,3.69178179,13.9175167,-2.21385868,1.32804748,-22.2431939,-5.59636759,-0.964129685,-6.52820698,5.91116483,-14.7062186,-24.4448383,-1.36860874,-3.10118224,-0.558919159,1.94436615,7.17997838,10.4303388,-2.11105213,64.1855053,36.5960393,-14.4917771,-4.7741353,3.5926865,-6.00354504,-37.5894326,70.5485953,40.7388735,54.5282997,-28.8443986,78.2400703,23.5328335,3.46854031
Carbon Efficiency,-3.15665488,-4.2584627,-10.7271757,-4.10160167,5.15958923,-6.92429618,0.0962155825,-2.53732015,1.6753016,-4.6041843,4.83482918,-7.64656557,-7.76433802,-8.31083342,-6.91169184,3.46579483,3.78582899,-3.3118687,-4.87912266,-4.07454696,0.852149139,-2.00195259,-3.87466662,-0.353011503,0.0602853216,0.09551941,-1.4323194,-3.07107326,4.09335759,-23.6321923,-0.0810939007,1.21794942,0.299444708,4.48037351,0.592234435,4.90912882,1.19273546,2.43035329,0.790712334,-7.64494135,-2.53477135,4.23012827,-0.966963008,-0.893769761,-3.00519106,-0.910666761,-4.41939699,0.691697481,-1.35327683,1.17097191,-0.174919586,0.115370609,2.10992966,1.72738369,-9.4304248,-11.6060431,0.279773016,-8.07806489,0.201892135,-0.826629031,3.5680589,-2.78104053,0.945008714,8.93255336,-6.75915093,2.5045167,5.85748707,-0.234819078,0.405015824,5.46220123,-1.19547987,-6.81936886,-5.3716078,1.84337293,-8.61782962,-3.33571052,-1.01159216
Chemicals,6.08882642,-20.9512746,77.3739844,-5.07182879,3.13478397,10.8574547,1.40611798,-0.971870535,-13.6197492,22.8181537,-7.64656557,132.050517,48.7109827,61.4751945,35.5369742,-19.4187651,-11.8632559,5.19088018,17.4752102,42.7098769,3.54868607,-5.53304777,7.77866609,0.100407231,-0.196041126,0.0706231575,4.38116911,51.0079502,-7.61697545,136.065513,1.68369318,-6.5686299,-5.07752791,-14.445075,-1.27233226,-16.9073823,-4.62331768,-10.4385116,-3.10865175,37.6618443,6.44184359,-24.6532358,3.88350526,6.89396653,-0.600635434,3.38357333,17.5039135,-2.23331375,3.92553574,-9.94261219,-3.76222952,1.98154921,-8.07338309,2.9225544,54.0760116,93.463606,-4.48143465,97.1258413,-0.784711125,-2.73475623,-13.1244174,-4.62667897,-1.19987447,-18.2822719,19.3431011,0.857200322,0.238620276,2.25297129,-0.186552374,-30.9081607,-3.5890894,62.8589886,-0.0578553007,-10.4673521,44.8850346,25.490911,3.88760283
Construction and Engineering,21.9606521,-3.30756576,65.7368296,16.9812305,-8.4970204,14.9149864,6.93505756,-6.14208384,-15.829101,52.7747876,-7.76433802,48.7109827,205.781391,71.6886939,57.2893311,-11.1983715,-2.07194756,17.2273051,29.3638097,21.4260532,13.5809419,5.53187027,10.8983436,1.19916108,1.07005894,-0.979795794,3.93871413,82.1278862,0.985366892,118.37589,0.444380538,-13.5853702,5.89798595,-11.6042256,-2.1666186,-26.3799076,2.78527241,19.3094778,3.26754962,55.4637248,3.76322522,-40.0242468,2.34586553,13.2167048,1.59555477,1.88667604,19.7615853,-3.42179201,1.86472196,-19.9021865,-11.9439923,-0.350937194,1.23929739,22.9360169,50.3168783,74.7594315,-13.7629277,44.8544771,-2.30227766,-8.12777801,-3.71394689,3.56550804,0.134843069,-8.47097337,23.94418,-4.43413746,-11.5743687,1.56522806,-3.6387997,-40.221627,16.2912786,39.2837499,21.4705209,-7.24044414,71.245678,14.5317989,2.43364736
Construction and Farm Machinery,21.5448847,21.8742927,97.4724888,5.45598555,23.6196155,36.8433831,12.7090348,-8.10547003,-23.3735246,55.489653,-8.31083342,61.4751945,71.6886939,239.837689,57.7536763,-17.4312724,-2.11312157,12.9857999,32.5728724,29.6855706,10.7765307,-2.17345094,16.3768129,1.7107,3.08203454,-0.532134681,7.76547592,80.0553487,-34.5593004,130.300747,0.722238171,-8.86027949,-3.77122247,-32.7994914,-3.00019397,-29.3784897,-12.5461863,23.6067469,21.0268579,82.8679905,3.20700864,-33.6144367,4.49648253,14.6410107,18.4432155,2.41227965,18.0423759,-5.57813828,4.17563115,-11.5858999,-18.759461,1.42538014,-10.3485942,-25.4540639,38.1030815,59.1360375,-22.1206164,74.1480892,-0.604733655,-5.19263434,-21.9650187,-2.36963342,0.26956546,-0.873045733,54.7187453,-9.96220703,-19.8844103,4.73647268,-4.23250976,-38.8170326,22.8966827,46.4407955,9.24189151,-22.4171038,98.0110999,36.6627875,5.18623029
Construction Materials Paper and Forest Product,6.77208227,19.3968378,58.3275965,27.7287754,-0.118827239,24.5124328,8.07105748,7.99406206,3.20872648,86.9594347,-6.91169184,35.5369742,57.2893311,57.7536763,188.237412,-21.4556284,-3.43831615,12.8698354,17.6232391,37.9352339,12.2157679,6.88165235,16.1279954,1.01293355,-0.49496821,-0.95290184,2.60673976,43.0932854,-0.195275855,32.9862846,0.605616404,-8.75159458,0.605924634,-5.71669371,-4.92845698,-23.5563216,1.55649903,96.8470465,38.665199,51.7158331,9.74441131,-26.1594579,3.01081993,18.2075098,8.90238622,2.56312662,12.8409603,-3.16803288,2.92891519,-13.6769974,4.60578083,-1.61156557,-2.75763327,3.65740955,2.87350987,8.41242943,-5.73788142,12.8618388,-0.38364777,-4.13539875,6.00192784,10.050967,-2.24693659,37.3737263,40.9615981,-17.9437946,-24.5417324,2.70372878,-2.96131921,-34.9406023,38.2206328,44.3777727,26.8259715,-20.2931394,72.6903671,19.7019102,3.61399244
Communications Equipment,-13.1152553,-22.7503278,-35.7368954,-15.2263999,7.29951728,-29.8397967,1.3293876,-8.51308677,-13.7641024,-34.1856284,3.46579483,-19.4187651,-11.1983715,-17.4312724,-21.4556284,208.232974,55.769803,-12.5168656,-10.5824549,-19.4844145,7.89628876,-15.5924781,-16.6504173,-1.6999044,2.40580201,-1.12799233,-1.3806792,-7.45221561,-4.94076909,-59.1531265,0.54152962,8.12596596,-3.87034386,-9.03144433,1.25384374,-6.15264174,-10.6467021,-32.8572133,-9.58558025,-20.2530481,-17.7805726,12.3368809,-1.16294349,-13.0904712,-25.5870942,-2.63500906,-20.7951463,-0.379255615,-2.39959831,-0.0507898652,-28.626598,0.645615601,6.29940728,-5.2556028,-33.2605159,-59.8862807,-13.8286709,-16.4596197,2.51036084,-11.5552653,-6.86875659,-7.87376647,4.09608271,-8.49968684,-28.2066696,71.3644409,63.9888795,0.756238992,2.06033089,23.9342604,-18.2408161,-16.3680261,-24.6670664,21.6464953,-24.0450702,-13.4354403,-3.64464622
Computers Electronics,-23.0198205,-13.3252016,-21.1756576,-20.6434778,29.1348948,-33.8701209,16.7949975,-26.8852029,-30.4846974,-5.27620998,3.78582899,-11.8632559,-2.07194756,-2.11312157,-3.43831615,55.769803,134.6963,-12.4004804,-13.7985805,-8.36332382,30.9141636,-22.5810899,-19.1086535,-0.579294073,0.323351369,1.61977782,-2.29130973,16.6317675,-23.7862086,-71.4275026,-2.22852629,-23.5135131,-14.0620504,-11.7119209,-0.754408293,-21.9702904,-23.8927399,-19.3630146,-14.2531311,1.69923766,-34.0848617,1.78126393,-1.2974963,-15.6878306,-16.8085057,-4.25900045,-29.7034219,3.03634491,-4.3632789,-20.7053528,-53.8108789,-0.88114095,1.49788928,-22.0591438,-50.7709429,-61.5410174,-28.2027435,-8.75035482,0.537427241,-20.7693072,-14.6535226,-21.6186214,12.0004507,8.1144834,-20.3733997,113.750689,131.183138,2.74486053,1.3657503,6.1985361,-10.6574864,5.85566584,-30.2282969,-32.0484653,-11.5560062,-7.94300825,-2.7824512
Commercial and Professional Services,10.0915269,8.85079995,9.00676177,6.51444015,-4.69506152,8.78304642,-3.00393252,4.22341863,-1.40618842,19.018956,-3.3118687,5.19088018,17.2273051,12.9857999,12.8698354,-12.5168656,-12.4004804,48.7947932,12.0134575,8.09999231,2.20991316,5.21466793,6.15688968,0.0961181119,-0.692440153,-0.98326212,1.44871753,7.5867896,6.46116921,12.8385552,0.730428827,0.0705783492,3.27279882,0.797000209,-1.69673569,-4.106125,6.37638051,21.1170714,5.87183692,13.6171408,12.0521844,-1.10367186,0.731426337,5.30374728,1.75631688,1.30564774,8.20192891,-0.51106392,0.637541256,1.98135621,12.5046738,-0.988575533,-1.65815504,4.51484251,5.60361767,0.868984639,-1.82514399,-8.81324134,-0.173494833,2.4765987,5.79393967,6.79972442,-2.87450189,6.48371304,13.9768183,-26.3381843,-25.1352073,1.78081676,-1.02610503,-6.14153842,11.4039608,9.04130905,8.91677974,3.16951289,18.2634736,1.27249328,0.856757111
Industrial Conglomerates,21.732023,27.3547477,36.1539453,6.18015749,1.46938059,16.2865508,-1.6071076,8.72927956,-11.563484,17.7586627,-4.87912266,17.4752102,29.3638097,32.5728724,17.6232391,-10.5824549,-13.7985805,12.0134575,312.785254,15.4090375,-11.3751263,1.76355759,9.79681316,1.0333355,-0.426789983,-0.891554777,2.62010342,2.15864405,-1.41920042,43.8285085,-1.77614668,12.4906279,-0.466310564,7.35890698,-0.650295326,-20.1674797,-4.85933186,-2.73080797,20.9566948,33.6950941,8.78378271,-8.50696839,2.57778982,10.0777964,4.20688543,1.5666172,4.53060148,-3.67801498,1.28926809,9.88242882,-17.8900311,-0.461514917,-9.22780677,0.57194915,13.4687533,9.09875044,-15.4734723,0.676372292,0.708802221,-0.627170235,-1.00250078,0.612499759,-5.25248566,-16.5486038,17.2312003,-17.6173856,-31.3783653,-0.179660792,-0.389500517,-13.4726489,2.06717889,20.7792091,4.02379229,10.3077094,17.6400811,24.9122437,2.25210573
Containers and Packaging,-0.866467291,-3.28747683,35.0216236,9.45720974,6.23185001,8.1425858,-7.63572614,14.6389138,-0.260658633,22.4096187,-4.07454696,42.7098769,21.4260532,29.6855706,37.9352339,-19.4844145,-8.36332382,8.09999231,15.4090375,146.001526,-11.2090513,8.36807121,4.34413721,0.103555524,0.279263402,-0.186036382,1.81325218,26.7970519,10.634007,10.9570026,0.959166157,15.2206108,11.2461997,8.26928665,-2.2130838,-3.12791246,0.242677743,6.88225714,13.7940325,22.01834,14.3603402,-17.5910642,2.57256779,23.4409083,-0.284432624,-1.01137258,7.85324302,-0.98674019,3.62124492,-1.30899678,-10.2468799,-1.24475979,-3.29009952,21.5161541,-4.8497625,-3.10841472,4.11302958,25.6875647,1.21133301,20.65702,2.52327638,3.5355317,-4.26992254,-2.36249128,13.9799061,-10.5015607,-20.9810066,1.77501175,4.20641019,-19.4591623,0.211942499,51.6723222,15.2133581,4.43762855,15.7285906,35.4008956,1.21479384
Country,-0.591870317,12.8041748,15.5420922,-5.71917045,27.379243,6.63478298,80.2825001,-32.4737396,-30.6830122,20.299693,0.852149139,3.54868607,13.5809419,10.7765307,12.2157679,7.89628876,30.9141636,2.20991316,-11.3751263,-11.2090513,228.867781,-21.1364051,17.0534678,-0.293731631,-1.02392343,1.16934553,-0.25677695,31.4098289,-30.2654626,8.94524606,-0.553308836,-50.5013142,-23.3595739,-17.1510522,1.82787305,-17.1215704,-22.1010543,11.0537569,-3.38516246,26.7611411,-19.9423843,1.94590719,-0.296828327,-0.725484556,15.1094041,5.53391612,5.51102042,2.60223708,-4.41958942,-11.1199528,-23.0123515,3.16565946,-6.13279219,-24.4468979,-10.5156327,-5.90399363,-35.9014924,-16.3872212,-3.52975612,-33.9549465,-4.69671222,-8.61166988,24.7298055,57.6603432,8.57787388,23.4200527,41.1554639,1.8567241,-5.90065372,7.72991929,6.83645337,14.4563761,-11.7505173,-46.5102022,29.1285014,-1.92273867,4.87101532
Distributors Multiline Retail,3.29565299,17.3985488,4.78702832,126.286553,12.2496821,5.31562561,-9.75763259,11.5289256,-10.2355213,16.6659749,-2.00195259,-5.53304777,5.53187027,-2.17345094,6.88165235,-15.5924781,-22.5810899,5.21466793,1.76355759,8.36807121,-21.1364051,189.185643,-4.25842948,1.18292913,-0.0388198661,-1.2957835,0.734799476,6.11932477,-0.465515736,-26.2634671,1.62640956,15.1810444,45.5405398,-15.5986176,-0.92025021,-8.89630169,2.7327881,28.5489534,33.302586,3.41244511,5.8344091,-12.8828889,2.2766917,75.9120166,6.03022952,-0.074839985,3.69439454,-2.76866731,2.24933016,8.74008745,0.496957902,-1.51715179,-5.10490374,1.79069307,-14.0878796,-24.1363519,-0.736365062,-5.86891001,1.76986416,15.6453204,1.5670634,28.4098787,-4.3483508,-18.3427578,20.3741898,-36.8147481,-36.899847,0.943289223,0.586114046,-20.4875043,62.3140601,2.22264315,113.763406,16.8855984,5.93698876,8.65934059,0.523938526
Diversified Financials,2.83774873,22.0848794,14.3585306,2.21691209,-1.18960133,70.3383081,7.49983761,-4.31420333,-6.51257476,7.74827083,-3.87466662,7.77866609,10.8983436,16.3768129,16.1279954,-16.6504173,-19.1086535,6.15688968,9.79681316,4.34413721,17.0534678,-4.25842948,68.290595,-0.273878281,1.01697093,0.518517703,1.53144295,10.1884653,-11.0029981,17.9763145,0.280279306,-11.4181032,-7.36416859,-9.72770949,-1.50190853,-15.8853132,-6.83771676,-6.5479564,2.52809618,17.0946588,22.0721063,-11.2984444,1.16990597,1.48135996,6.32423781,0.868588436,37.0581049,-0.119273418,2.21865968,-3.37329492,2.60070115,-0.801812788,-4.96160223,-11.622836,4.36918327,-2.72820845,-10.9384319,-19.3903881,-2.44498179,-9.91102778,-6.99777417,0.430238269,4.418361,8.61433169,12.5796244,-34.9236032,-41.9781993,1.64384237,-1.13634791,-6.16707624,9.74963082,7.62979603,0.793819949,-6.71252522,22.7844806,6.86572644,1.97206406
Dividend Yield,2.00206595,3.24674498,0.772775837,2.08594398,-1.8657618,1.49087208,0.827393345,0.437641568,0.783664841,3.2498718,-0.353011503,0.100407231,1.19916108,1.7107,1.01293355,-1.6999044,-0.579294073,0.0961181119,1.0333355,0.103555524,-0.293731631,1.18292913,-0.273878281,3.63563538,-0.271557989,0.0096361253,-0.0900016465,0.486531435,2.35783539,1.37310885,-0.0487528153,0.223824611,1.05148437,2.58956986,0.109962434,0.0519995443,0.494164969,6.45102382,1.13590089,1.67352435,1.02257343,-1.22418388,0.0948576939,2.26565509,0.63754671,0.500029286,-0.310581646,-0.0744096932,0.491880847,1.19288289,1.40287338,0.289717774,-1.47928048,3.37665569,-1.23144676,0.628867478,-0.239592156,3.32046749,-0.681968096,1.0683952,0.927150006,-0.541548624,1.25985922,5.48775379,-0.827659839,-3.78234344,-3.6253424,0.432631066,-0.859084816,-1.85149801,2.8925818,1.32144955,3.93701125,-1.51002559,1.25194452,0.428573822,0.531293175
Earnings Quality,-0.309077772,-1.23110368,1.40050911,-2.39423925,-1.91735754,3.58128067,-0.173181553,0.359990837,0.697699062,-0.893015944,0.0602853216,-0.196041126,1.07005894,3.08203454,-0.49496821,2.40580201,0.323351369,-0.692440153,-0.426789983,0.279263402,-1.02392343,-0.0388198661,1.01697093,-0.271557989,2.44509551,-0.0577862147,0.657495568,-0.151008736,-1.747017,4.433905,0.105338488,1.29859229,-0.0321277946,-0.872442181,-0.0351391797,-0.732333739,-0.128795496,0.878201217,-0.00106061665,0.246861064,0.155076822,0.48645504,0.207694534,0.284504862,-0.386318755,-0.656178747,0.155833822,-0.369619739,0.0549621813,0.418252905,-3.18026087,-0.259657099,-0.738056791,-1.48237408,0.516046733,-1.19032111,-0.767871357,1.4472725,0.234235195,-0.179921612,-1.49416817,-0.632796454,-0.311502469,-0.495582014,-1.03403382,-1.39586924,-1.59125089,0.3064521,0.0526927958,1.10478876,-0.409161585,-0.625150615,-0.763956956,-1.38076955,0.530827454,0.694860715,-0.200829221
Earnings Variability,-0.869714,0.676556537,-1.12811798,-0.856466035,2.89326456,-1.97879583,0.816227035,-2.16340474,-1.61306441,-1.58298446,0.09551941,0.0706231575,-0.979795794,-0.532134681,-0.95290184,-1.12799233,1.61977782,-0.98326212,-0.891554777,-0.186036382,1.16934553,-1.2957835,0.518517703,0.0096361253,-0.0577862147,3.2264713,-0.197089562,0.192315741,-1.74523834,0.00302627648,-0.172140996,-2.02913308,-0.0853387799,-2.05865383,-0.140470785,-1.22393235,-2.11406613,-3.61750784,-1.42518172,-1.05338228,-2.69405886,1.72988707,-0.11726796,-0.799298365,0.952495945,-0.118027251,-1.89347074,0.460044012,0.143318424,-0.751717816,-2.01961934,-0.162924257,0.915214064,-2.75318611,-1.07610032,-0.254577894,-1.45106372,-0.344645757,-0.409676427,-2.27340432,-0.991546979,-0.876674306,1.06440695,-3.13668788,-1.43827776,3.12339517,3.12252306,-0.355022294,0.48339082,0.816730075,-1.85263527,0.805193365,0.145408022,-2.30623881,-0.00171637954,-0.935738468,-0.58558246
Earnings Yield,3.98616228,-0.0836734287,4.80477134,5.42042732,0.775249136,8.47908283,-0.0718131199,2.18487057,-5.95267167,2.1951602,-1.4323194,4.38116911,3.93871413,7.76547592,2.60673976,-1.3806792,-2.29130973,1.44871753,2.62010342,1.81325218,-0.25677695,0.734799476,1.53144295,-0.0900016465,0.657495568,-0.197089562,9.24214864,2.14137088,-6.02817243,16.6677272,0.130897784,-0.494045335,-0.563829632,-2.44037633,0.322615065,-4.22063735,-1.22127693,-4.3055644,1.65433773,3.93179092,-0.558175252,-0.524758081,0.889320383,4.14280128,3.00565041,0.35668368,1.32832855,-0.839662494,0.398133275,1.18042899,-0.229869351,0.121279144,-1.49315961,-5.18537957,8.44241332,7.86318556,-3.34735538,5.74497196,0.0939285639,0.955079461,-5.3039521,0.650403681,-0.951237873,-11.4149998,0.768136495,-0.200977669,-1.46901708,-0.581861992,-0.569597325,-1.90069937,0.900332546,3.40031237,1.56551631,-4.13713752,4.87156265,4.47265348,1.08153631
Electrical Equipment,6.86594045,-16.1611828,63.503632,-10.9207643,43.6227573,7.65664884,20.3180571,-25.5891131,-26.3765865,60.9187646,-3.07107326,51.0079502,82.1278862,80.0553487,43.0932854,-7.45221561,16.6317675,7.5867896,2.15864405,26.7970519,31.4098289,6.11932477,10.1884653,0.486531435,-0.151008736,0.192315741,2.14137088,270.943358,-6.89005884,77.2718869,2.55538113,-30.0139453,-10.5613121,-29.9141602,-1.25204312,-29.2862367,-14.9793379,8.78574192,-10.9756609,61.8879092,-12.5295051,-40.0713024,2.57330269,4.08841936,-11.3424058,2.15449325,10.8228439,-1.77659167,-2.45910561,-25.4096084,-20.7974457,0.0670651828,-4.74375355,30.3908349,34.3764717,57.4017462,-19.0946768,49.6236453,-2.04088421,-20.6862983,-10.4753386,-23.6846234,9.53699708,10.0573613,35.9654508,26.371071,50.0150028,5.33622562,-4.15786888,-37.7339613,12.8681709,53.6591039,5.53271343,-13.8963154,72.1626057,28.4780144,4.92877168
Electric Utilities,3.47402094,-21.6324723,-21.3318577,-11.8701538,-33.9520162,-40.794207,-21.7940747,26.9041224,8.73858289,-3.22689979,4.09335759,-7.61697545,0.985366892,-34.5593004,-0.195275855,-4.94076909,-23.7862086,6.46116921,-1.41920042,10.634007,-30.2654626,-0.465515736,-11.0029981,2.35783539,-1.747017,-1.74523834,-6.02817243,-6.89005884,180.234726,-46.4301634,0.152381727,33.5768459,19.4476276,108.627071,0.517555753,24.1418505,22.48077,40.4779927,-8.40243686,-20.9110377,25.5243676,-15.1624112,-2.85207162,-7.90565195,-19.3876234,-1.44490045,4.7349038,1.91645171,-2.63412093,0.10033508,32.5051712,-2.05153435,6.25919632,159.717802,0.717707295,-26.6063753,19.9345085,25.649541,-1.03452014,22.1596098,54.5440519,7.35093879,-6.69095673,29.7936838,-18.1298201,-42.4666386,-54.9883285,1.21757864,5.98437573,-15.8292848,0.0998591088,-5.08141439,-12.0135281,39.2155046,-23.1022447,-20.7021093,-4.33339247
Energy Equipment & Services,40.7693865,-123.668289,203.07195,-55.3339927,-29.7449433,52.7527373,2.24358232,-19.4265232,-59.5302485,-5.32440348,-23.6321923,136.065513,118.37589,130.300747,32.9862846,-59.1531265,-71.4275026,12.8385552,43.8285085,10.9570026,8.94524606,-26.2634671,17.9763145,1.37310885,4.433905,0.00302627648,16.6677272,77.2718869,-46.4301634,964.260847,2.89030174,-37.9186304,-32.5356671,-46.878908,-3.5562241,-68.5551687,-39.8690919,-85.0420266,-57.4575497,73.1943003,12.542773,-53.6643747,10.9208147,-52.1091511,1.27720754,16.2593594,40.7583829,-7.7687426,9.20960594,-18.9144295,-10.5514027,-1.94235015,-18.5647332,-14.6218204,337.775185,605.888553,-33.3819172,224.001839,-2.89796925,-51.296128,-43.5916298,-49.4906805,-13.3305847,-78.6323154,30.9218203,-72.2470567,-71.8276822,-2.45423425,-3.64418825,-55.7871289,-49.2083815,28.6941627,-39.8603504,-41.8192761,114.661697,16.3126503,15.2839735
ESG,-0.807989415,-1.59289901,1.3987348,-0.39652128,-1.41009889,1.18760533,-0.763979818,0.980518127,3.04266321,0.498753799,-0.0810939007,1.68369318,0.444380538,0.722238171,0.605616404,0.54152962,-2.22852629,0.730428827,-1.77614668,0.959166157,-0.553308836,1.62640956,0.280279306,-0.0487528153,0.105338488,-0.172140996,0.130897784,2.55538113,0.152381727,2.89030174,1.33469145,0.340398304,0.578075365,-1.22542622,-0.133516671,0.538297559,0.24235581,0.317472456,1.24294913,0.302110678,0.726238835,-0.615414544,0.0686756835,-0.564308669,-0.942396219,0.168435646,1.1533521,-0.503929659,0.0581561189,-0.225102453,2.08440145,-0.0605756441,-0.276453058,0.699653494,0.711240028,2.25924832,1.4948653,1.95754089,0.0505775896,0.189373749,0.296307149,-0.593168736,-0.619896224,-2.14506462,0.262625577,-1.4596757,-1.05184078,0.0781210372,-0.244540895,-0.970145334,0.401899222,0.299366302,0.304201497,1.53368481,1.06539016,0.141115414,0.113654491
Food Products,-1.33683251,-1.03377788,-15.8985267,-2.49955507,-7.10720937,-19.9451023,-22.0957832,50.5931721,11.2109805,-11.6482373,1.21794942,-6.5686299,-13.5853702,-8.86027949,-8.75159458,8.12596596,-23.5135131,0.0705783492,12.4906279,15.2206108,-50.5013142,15.1810444,-11.4181032,0.223824611,1.29859229,-2.02913308,-0.494045335,-30.0139453,33.5768459,-37.9186304,0.340398304,123.008897,34.0845002,28.4576893,0.381051879,18.7033676,14.5150651,8.81848236,11.0457425,-16.4001951,13.5771415,-6.65465981,-0.732176689,5.94624896,-6.41527943,-1.83528917,-6.78484496,-0.448654499,2.90265446,13.0819175,11.7612482,-2.21951464,1.69210757,30.91928,-15.792544,-26.249324,13.9850902,0.644593852,2.64940952,47.6108237,13.9375313,24.5166469,-10.1277645,-11.3610268,-5.55899033,-32.1937605,-46.2756012,0.233686802,6.35922331,-9.41597416,4.53456467,-4.40900388,9.26055725,33.2523996,-14.9680533,1.4076681,-3.0814672
Food and Staples Retailing,-0.187774933,5.22479818,0.895914685,38.1940152,-2.23651183,-10.3358737,-9.04962079,21.5127729,1.95651769,1.16865049,0.299444708,-5.07752791,5.89798595,-3.77122247,0.605924634,-3.87034386,-14.0620504,3.27279882,-0.466310564,11.2461997,-23.3595739,45.5405398,-7.36416859,1.05148437,-0.0321277946,-0.0853387799,-0.563829632,-10.5613121,19.4476276,-32.5356671,0.578075365,34.0845002,121.647384,19.2960946,-1.3738206,7.94798027,16.9528719,3.15787762,9.2977503,-8.60524836,5.95493174,-22.0803885,0.162619246,24.6940687,-1.75487427,-3.11627919,-12.1662117,0.301248418,2.36513058,4.38523178,7.1545222,-1.62262947,-0.44149139,22.3276424,-19.2664864,-15.759677,3.73295077,-7.06615474,-1.53827313,26.6676518,8.61062282,27.649628,-0.359846666,-16.230473,6.45031092,-26.4819402,-37.1685155,1.99535951,0.267608301,-17.8491479,27.2071234,-2.43572258,57.5219861,21.3088589,-2.29317438,6.76978623,-3.69543991
Gas Utilities,-2.11658092,-2.35043792,-16.7319024,-23.8977575,-22.5892907,-11.4500046,-15.0381091,18.5367087,-7.19719382,-16.8604116,4.48037351,-14.445075,-11.6042256,-32.7994914,-5.71669371,-9.03144433,-11.7119209,0.797000209,7.35890698,8.26928665,-17.1510522,-15.5986176,-9.72770949,2.58956986,-0.872442181,-2.05865383,-2.44037633,-29.9141602,108.627071,-46.878908,-1.22542622,28.4576893,19.2960946,181.026671,-0.780059805,13.8795889,12.1851053,3.15095589,-18.1711145,-19.1005867,17.3741328,-10.6849661,-2.11159647,-19.7457716,-10.0748376,-3.31250663,-8.87632225,2.61392484,-1.67052184,8.23397487,15.4845083,-4.46098968,1.32596273,102.459621,2.81397886,-13.119184,8.16308069,6.05956385,0.725453309,22.2139826,46.6292447,3.16979972,-5.69091215,15.5370701,-7.68884956,-28.6292379,-38.9720069,0.918379471,6.25355292,-6.86615132,-10.2449249,-9.62110086,-17.6209193,26.3368515,-26.0820359,0.729127931,-2.62440158
Growth,1.18421967,-2.62564298,-2.08024974,0.109323123,-1.86666431,-2.57550467,0.907758513,0.0675386288,-5.36750225,-4.68633901,0.592234435,-1.27233226,-2.1666186,-3.00019397,-4.92845698,1.25384374,-0.754408293,-1.69673569,-0.650295326,-2.2130838,1.82787305,-0.92025021,-1.50190853,0.109962434,-0.0351391797,-0.140470785,0.322615065,-1.25204312,0.517555753,-3.5562241,-0.133516671,0.381051879,-1.3738206,-0.780059805,3.68536561,1.96135991,-1.29137156,-5.45114321,-1.08597247,-2.66606828,-1.51048493,4.14868526,-0.267544484,0.469661288,1.10365384,0.156671978,-0.292355384,0.299107511,-0.276216519,2.30036402,-1.15233626,0.973802555,1.16804396,0.622566605,0.695335813,-0.399832705,-2.40103758,1.81927324,-0.134764139,0.42072237,-0.478710461,0.484626144,0.724036302,-1.40745703,-2.72922495,-0.646893287,1.97408598,-0.536075809,-0.207313909,3.81472601,-3.48659612,-3.81542058,-1.14516567,1.12877292,-3.65717517,-1.64531133,0.0646504475
Health Care Equipment and Technology,-5.43522463,-1.75212682,-17.079538,-11.7929328,-41.0034942,-39.8018055,-10.0240029,11.0053044,43.9451111,-16.5918518,4.90912882,-16.9073823,-26.3799076,-29.3784897,-23.5563216,-6.15264174,-21.9702904,-4.106125,-20.1674797,-3.12791246,-17.1215704,-8.89630169,-15.8853132,0.0519995443,-0.732333739,-1.22393235,-4.22063735,-29.2862367,24.1418505,-68.5551687,0.538297559,18.7033676,7.94798027,13.8795889,1.96135991,123.260932,46.9119975,10.5202274,1.09998966,-23.0649201,2.23059435,3.60106882,-3.70875635,-2.95072237,-7.0533157,0.9175089,-12.9439486,0.496887808,-1.36144015,2.75643268,36.7318435,3.05530629,4.20362292,20.5648082,-21.1639879,-31.8920792,36.076229,1.47220516,-0.222388602,17.0550085,11.7255484,11.1253299,-5.7397659,1.58477197,-15.2454854,-27.3768728,-26.495695,-3.0440426,0.88315506,2.99910786,-11.1097671,-19.6096096,1.4540614,9.71549348,-33.6632048,-12.5993067,-2.95209819
Health Care Providers (non-HMO),4.84834764,-5.12759783,-8.99634313,17.1596982,-35.7153617,-15.4381171,-11.7919899,17.5300794,43.5478842,12.2782772,1.19273546,-4.62331768,2.78527241,-12.5461863,1.55649903,-10.6467021,-23.8927399,6.37638051,-4.85933186,0.242677743,-22.1010543,2.7327881,-6.83771676,0.494164969,-0.128795496,-2.11406613,-1.22127693,-14.9793379,22.48077,-39.8690919,0.24235581,14.5150651,16.9528719,12.1851053,-1.29137156,46.9119975,139.016486,43.092696,7.53841994,-9.36325282,16.5963055,-19.5665075,-1.64560199,7.43811445,-9.08849075,0.1597266,6.21486401,-0.541279442,1.58483996,7.09523021,89.9588087,-0.180394786,-3.00793895,21.4283744,-19.2686097,-39.0587629,43.8167296,-3.47958543,0.205612783,16.2024463,12.1802824,17.8262422,-3.75357998,14.878363,-2.37501282,-37.4832633,-43.0192141,1.78630383,-1.62662645,-18.0475083,12.611224,-9.8987938,16.8009036,20.362348,-7.03548022,-8.52793521,-1.81669642
Homebuilding,19.8605845,-19.148822,-20.3604919,63.062291,4.82575722,-20.3969364,-1.79398561,19.4722693,38.5464425,193.50011,2.43035329,-10.4385116,19.3094778,23.6067469,96.8470465,-32.8572133,-19.3630146,21.1170714,-2.73080797,6.88225714,11.0537569,28.5489534,-6.5479564,6.45102382,0.878201217,-3.61750784,-4.3055644,8.78574192,40.4779927,-85.0420266,0.317472456,8.81848236,3.15787762,3.15095589,-5.45114321,10.5202274,43.092696,651.433663,103.570166,31.5936078,13.9058406,-24.8031356,-3.49096169,46.002385,17.6942977,6.41709218,8.1541087,-3.60863673,3.98847926,-20.5774741,-7.45133629,-0.826774878,-11.8726806,40.5447764,-34.7145193,-87.8011819,-7.74607861,-9.17185353,2.49686622,11.6552954,46.0628004,39.8246699,-4.02027009,175.161493,33.4366709,-30.6942724,-36.2964618,6.25996061,-10.7395479,-36.4025952,136.584358,18.092966,88.6247792,-14.8810297,62.5605797,9.32455636,0.460871421
Household Durables (non-Homebuilding),6.61494421,60.2658059,-2.15243131,56.9936416,38.7147387,-12.5792136,2.74262664,11.8557985,10.8972232,48.0397994,0.790712334,-3.10865175,3.26754962,21.0268579,38.665199,-9.58558025,-14.2531311,5.87183692,20.9566948,13.7940325,-3.38516246,33.302586,2.52809618,1.13590089,-0.00106061665,-1.42518172,1.65433773,-10.9756609,-8.40243686,-57.4575497,1.24294913,11.0457425,9.2977503,-18.1711145,-1.08597247,1.09998966,7.53841994,103.570166,238.42093,19.0046377,-0.789534136,-0.329286198,0.00278534839,70.051104,19.7168532,2.13587752,-0.839957952,-1.27154587,2.62700908,8.48294058,0.209568102,3.48008199,-6.82751714,-16.0242688,-36.8987723,-51.1618747,-7.31645833,-12.9033054,1.09892973,25.8456006,9.26526163,26.6985303,-2.88507627,31.9721258,19.2507121,-35.8905523,-39.7748993,0.462492691,-3.30377336,-7.58452722,73.82829,12.6899426,68.5050669,4.02552539,10.0827743,17.4378788,1.03243698
Industrial Machinery,19.7459213,23.4912152,57.7385387,11.1676222,28.4631229,24.3753273,13.0458256,-3.58837735,-19.0249109,56.951065,-7.64494135,37.6618443,55.4637248,82.8679905,51.7158331,-20.2530481,1.69923766,13.6171408,33.6950941,22.01834,26.7611411,3.41244511,17.0946588,1.67352435,0.246861064,-1.05338228,3.93179092,61.8879092,-20.9110377,73.1943003,0.302110678,-16.4001951,-8.60524836,-19.1005867,-2.66606828,-23.0649201,-9.36325282,31.5936078,19.0046377,98.1274676,5.43132478,-25.9839557,2.77335552,14.4981178,13.9568648,3.36618993,15.8468125,-2.36691722,2.63281182,-7.98181697,-7.10282982,-0.984184828,-7.99504776,-14.7571093,20.0697766,34.3161666,-19.0008701,22.2885402,-1.33802206,-2.9508456,-14.2480673,0.235190808,0.973015689,5.09358441,38.3870152,-12.5837253,-9.61379346,2.26286981,-3.84551438,-27.9483058,25.0977852,43.5752093,20.3738862,-24.1051156,73.7074685,25.6661628,4.28634899
Insurance Brokers and Reinsurance,11.873569,16.7270165,1.65186579,15.2305267,-33.7906281,34.2553697,-14.5303445,11.7712078,12.5513874,9.08588999,-2.53477135,6.44184359,3.76322522,3.20700864,9.74441131,-17.7805726,-34.0848617,12.0521844,8.78378271,14.3603402,-19.9423843,5.8344091,22.0721063,1.02257343,0.155076822,-2.69405886,-0.558175252,-12.5295051,25.5243676,12.542773,0.726238835,13.5771415,5.95493174,17.3741328,-1.51048493,2.23059435,16.5963055,13.9058406,-0.789534136,5.43132478,120.48558,-17.4529832,0.647579562,9.55495034,0.410208921,2.09183956,63.1374008,0.841137319,1.58854458,8.09560099,27.5331196,-1.9421722,0.25332987,27.1807824,5.48842761,0.288422141,16.1169181,-13.8084611,-0.45621627,12.8058122,10.9420822,5.09155125,-6.71566867,6.91055352,5.94387919,-60.162559,-72.7706118,0.0848340687,3.43789416,-13.8424447,4.87550397,1.43692593,7.44819589,15.5731583,7.56267347,-0.871903531,-0.0123913304
Internet Software and IT Services,-12.2889747,1.58390926,-37.800528,-20.4490187,-28.1440333,-24.5631007,3.21530322,-8.13663738,-18.3032867,-29.4563682,4.23012827,-24.6532358,-40.0242468,-33.6144367,-26.1594579,12.3368809,1.78126393,-1.10367186,-8.50696839,-17.5910642,1.94590719,-12.8828889,-11.2984444,-1.22418388,0.48645504,1.72988707,-0.524758081,-40.0713024,-15.1624112,-53.6643747,-0.615414544,-6.65465981,-22.0803885,-10.6849661,4.14868526,3.60106882,-19.5665075,-24.8031356,-0.329286198,-25.9839557,-17.4529832,96.5950253,-2.3320674,-11.3187249,5.16548705,-1.65163249,-17.1983996,0.689462026,-2.38902885,13.0884449,-19.9149207,1.97668014,4.16269207,-29.1778991,-20.041941,-40.8022277,-13.5490903,-32.6112109,1.20189463,-4.50557829,-12.6559517,-2.13235112,1.99830526,-2.55718827,-23.7469492,-9.98715295,-7.07231298,-4.41768579,0.542940134,48.0280775,-22.3396427,-22.2997791,-24.7877396,-9.52049371,-31.6451039,-19.6517181,-1.40107514
Investment Quality,1.89500538,3.01475638,6.05172896,2.01513355,1.81449517,5.96945526,0.0623661807,-0.12525519,-1.35117545,1.05825641,-0.966963008,3.88350526,2.34586553,4.49648253,3.01081993,-1.16294349,-1.2974963,0.731426337,2.57778982,2.57256779,-0.296828327,2.2766917,1.16990597,0.0948576939,0.207694534,-0.11726796,0.889320383,2.57330269,-2.85207162,10.9208147,0.0686756835,-0.732176689,0.162619246,-2.11159647,-0.267544484,-3.70875635,-1.64560199,-3.49096169,0.00278534839,2.77335552,0.647579562,-2.3320674,2.31793765,1.63504781,0.797754548,0.187739734,0.940374375,-0.637615607,0.739604948,0.827763239,-1.85115275,-0.151983508,-1.79004937,-1.88998162,3.24535015,6.5594101,-1.10147194,4.54687857,0.291321738,-0.65387104,-0.638975844,-0.230169025,-0.858022476,-3.00784677,2.81598855,1.33071618,1.15268666,0.49571958,0.21321611,-4.06584992,0.15566669,3.55136385,1.17390726,-0.583903491,2.9222245,3.71641644,0.960196443
Leisure Products Textiles Apparel and Luxury,3.54709892,47.9424505,8.55380591,158.20145,20.1936264,-7.22581793,3.50723786,11.3478147,-19.3935817,26.2759883,-0.893769761,6.89396653,13.2167048,14.6410107,18.2075098,-13.0904712,-15.6878306,5.30374728,10.0777964,23.4409083,-0.725484556,75.9120166,1.48135996,2.26565509,0.284504862,-0.799298365,4.14280128,4.08841936,-7.90565195,-52.1091511,-0.564308669,5.94624896,24.6940687,-19.7457716,0.469661288,-2.95072237,7.43811445,46.002385,70.051104,14.4981178,9.55495034,-11.3187249,1.63504781,235.671388,22.7571276,3.60343252,3.12210991,-0.946805616,2.40980492,10.6490081,-18.6677195,4.43113493,-5.3911729,-4.81603664,-30.7876712,-41.4053836,-15.0649317,-12.7239762,-1.67350013,38.0301319,-2.59598895,51.6323703,1.3026212,9.18869079,7.11756777,-22.9497701,-32.6917185,-0.379858637,-1.95275156,-20.391482,58.8852795,18.578208,131.734103,2.50962653,4.49365081,16.6362654,2.49785387
Hotels Leisure and Consumer Services,11.410921,92.4144155,-0.0402455577,25.367796,20.812052,3.55469939,13.1293159,1.04802229,-11.4207215,12.0249535,-3.00519106,-0.600635434,1.59555477,18.4432155,8.90238622,-25.5870942,-16.8085057,1.75631688,4.20688543,-0.284432624,15.1094041,6.03022952,6.32423781,0.63754671,-0.386318755,0.952495945,3.00565041,-11.3424058,-19.3876234,1.27720754,-0.942396219,-6.41527943,-1.75487427,-10.0748376,1.10365384,-7.0533157,-9.08849075,17.6942977,19.7168532,13.9568648,0.410208921,5.16548705,0.797754548,22.7571276,120.131593,3.4211467,5.11748984,-1.05807523,1.19049954,17.6567652,-10.5931686,0.916018468,0.104645095,-25.154395,0.0692925328,-9.74265278,-9.96184448,-4.90365268,-1.68451746,5.26788987,-4.02814154,37.9182131,-0.862805236,9.07021582,21.4414094,-17.2781335,-30.2521212,-3.97365831,-2.20179101,-4.548785,12.7392614,4.05589629,28.7320656,-13.0613647,17.7959661,11.4437423,3.60493003
Leverage,4.57448959,4.824757,5.06880021,5.67499316,0.292254307,0.431984292,0.351695589,0.498142784,-1.40556151,3.69178179,-0.910666761,3.38357333,1.88667604,2.41227965,2.56312662,-2.63500906,-4.25900045,1.30564774,1.5666172,-1.01137258,5.53391612,-0.074839985,0.868588436,0.500029286,-0.656178747,-0.118027251,0.35668368,2.15449325,-1.44490045,16.2593594,0.168435646,-1.83528917,-3.11627919,-3.31250663,0.156671978,0.9175089,0.1597266,6.41709218,2.13587752,3.36618993,2.09183956,-1.65163249,0.187739734,3.60343252,3.4211467,5.20492624,4.65849962,-0.214086109,0.248758452,1.91069475,3.18058727,0.877069027,-1.82961961,1.13010193,6.22185609,10.9756979,-0.659794459,7.26741167,-0.313708601,0.717598033,2.36991569,0.405511263,-1.13286161,4.71938551,1.07680043,-3.83565818,-3.8226382,-0.762031532,-0.392843226,-4.15734994,1.27921657,1.22871587,3.64964514,-1.37746016,3.54483946,-1.08022349,2.37498309
Life Health and Multi-line Insurance,14.2479722,6.2888114,6.42687558,10.5318314,-15.9355791,60.7728068,-2.55712858,-0.104175373,-2.41836327,13.9175167,-4.41939699,17.5039135,19.7615853,18.0423759,12.8409603,-20.7951463,-29.7034219,8.20192891,4.53060148,7.85324302,5.51102042,3.69439454,37.0581049,-0.310581646,0.155833822,-1.89347074,1.32832855,10.8228439,4.7349038,40.7583829,1.1533521,-6.78484496,-12.1662117,-8.87632225,-0.292355384,-12.9439486,6.21486401,8.1541087,-0.839957952,15.8468125,63.1374008,-17.1983996,0.940374375,3.12210991,5.11748984,4.65849962,147.965586,0.0193984698,0.614061683,5.9105825,34.1243208,-0.246816931,-2.26534339,2.12553771,15.6717854,12.3647884,0.288926869,-10.8681895,-1.89558769,-6.7845445,-3.94772178,-0.0333836655,0.4398501,3.5676079,7.6277221,-54.1018516,-73.1657809,-0.488202182,0.307492099,-15.2071179,8.87325652,5.80269233,5.21440747,6.34205913,18.8115793,6.13449217,1.68163376
Liquidity,-0.99324184,-3.03545923,-5.72664267,-2.50947791,3.21887681,-4.47336198,0.760817182,0.0530676748,-3.60325149,-2.21385868,0.691697481,-2.23331375,-3.42179201,-5.57813828,-3.16803288,-0.379255615,3.03634491,-0.51106392,-3.67801498,-0.98674019,2.60223708,-2.76866731,-0.119273418,-0.0744096932,-0.369619739,0.460044012,-0.839662494,-1.77659167,1.91645171,-7.7687426,-0.503929659,-0.448654499,0.301248418,2.61392484,0.299107511,0.496887808,-0.541279442,-3.60863673,-1.27154587,-2.36691722,0.841137319,0.689462026,-0.637615607,-0.946805616,-1.05807523,-0.214086109,0.0193984698,5.07239776,-0.509974376,0.15481643,-1.52282474,-0.177785173,1.35356558,1.11155728,-0.966263903,-3.03318016,-2.11104353,-5.0269483,-0.367741867,0.153070042,0.767612613,-1.08530169,2.12969589,2.01486485,-2.98462183,0.338052193,0.543293149,0.169882491,1.44513809,4.15319116,1.04361933,-2.35810463,-0.990270748,-1.09966632,-3.34757341,-4.28637329,-0.546895756
Long-Term Reversal,1.65353692,4.41646747,5.54422325,3.43772148,1.31327022,6.15736514,-1.77445432,3.59252919,0.553332056,1.32804748,-1.35327683,3.92553574,1.86472196,4.17563115,2.92891519,-2.39959831,-4.3632789,0.637541256,1.28926809,3.62124492,-4.41958942,2.24933016,2.21865968,0.491880847,0.0549621813,0.143318424,0.398133275,-2.45910561,-2.63412093,9.20960594,0.0581561189,2.90265446,2.36513058,-1.67052184,-0.276216519,-1.36144015,1.58483996,3.98847926,2.62700908,2.63281182,1.58854458,-2.38902885,0.739604948,2.40980492,1.19049954,0.248758452,0.614061683,-0.509974376,5.84748285,1.91064245,0.115964678,-0.338233939,-3.13343406,-2.01087469,1.79592969,5.62646599,1.35695789,3.85611854,-0.0464251097,2.72373719,-1.06750564,2.49391023,-1.07708825,-2.67332407,3.93680807,-3.31449955,-4.42035817,0.575722636,-0.207008788,-4.25663006,2.01720953,3.13730517,4.14166475,0.875136458,2.88741983,3.27188081,0.112913272
Media,2.73986606,3.69544915,-5.54340204,13.1451714,1.07384162,-0.591401675,-1.04330751,6.25733536,-13.3997927,-22.2431939,1.17097191,-9.94261219,-19.9021865,-11.5858999,-13.6769974,-0.0507898652,-20.7053528,1.98135621,9.88242882,-1.30899678,-11.1199528,8.74008745,-3.37329492,1.19288289,0.418252905,-0.751717816,1.18042899,-25.4096084,0.10033508,-18.9144295,-0.225102453,13.0819175,4.38523178,8.23397487,2.30036402,2.75643268,7.09523021,-20.5774741,8.48294058,-7.98181697,8.09560099,13.0884449,0.827763239,10.6490081,17.6567652,1.91069475,5.9105825,0.15481643,1.91064245,163.357114,10.9035703,-1.07607575,-3.76610946,-12.5060028,-7.6311822,-5.79817899,-4.36616787,-7.82886335,-0.0107204459,8.00513525,-1.68828862,7.63935768,0.152130706,1.30145718,-11.2701935,-32.4347618,-59.0615109,-0.778566911,-1.44656956,-0.510956919,-6.12402816,-17.1349459,6.35661915,41.1729316,-15.1770249,-5.57216279,1.74567474
Managed Health Care,1.60611686,2.62371278,3.99917841,-3.54747977,-26.7555707,-0.374941505,-17.461265,21.1951284,56.6657256,-5.59636759,-0.174919586,-3.76222952,-11.9439923,-18.759461,4.60578083,-28.626598,-53.8108789,12.5046738,-17.8900311,-10.2468799,-23.0123515,0.496957902,2.60070115,1.40287338,-3.18026087,-2.01961934,-0.229869351,-20.7974457,32.5051712,-10.5514027,2.08440145,11.7612482,7.1545222,15.4845083,-1.15233626,36.7318435,89.9588087,-7.45133629,0.209568102,-7.10282982,27.5331196,-19.9149207,-1.85115275,-18.6677195,-10.5931686,3.18058727,34.1243208,-1.52282474,0.115964678,10.9035703,389.022017,0.36943389,0.564269215,23.5936874,-2.92117542,-2.61167013,52.8462613,-13.7331421,-4.69325642,0.906333692,7.88429248,-8.53626297,-7.65821202,-2.60927636,0.698327435,-85.5409314,-72.6007669,-0.290741022,-4.02975399,-15.5409426,4.82481159,-8.45344812,3.42741613,18.8432806,-12.8373393,-10.6399036,-0.505288213
Mid Capitalization,0.158452866,-1.61968954,-0.946911242,1.88367484,-3.79756523,-4.48222793,2.00938141,0.202996664,-0.0113224378,-0.964129685,0.115370609,1.98154921,-0.350937194,1.42538014,-1.61156557,0.645615601,-0.88114095,-0.988575533,-0.461514917,-1.24475979,3.16565946,-1.51715179,-0.801812788,0.289717774,-0.259657099,-0.162924257,0.121279144,0.0670651828,-2.05153435,-1.94235015,-0.0605756441,-2.21951464,-1.62262947,-4.46098968,0.973802555,3.05530629,-0.180394786,-0.826774878,3.48008199,-0.984184828,-1.9421722,1.97668014,-0.151983508,4.43113493,0.916018468,0.877069027,-0.246816931,-0.177785173,-0.338233939,-1.07607575,0.36943389,6.00612031,-0.427920772,-2.22988197,0.126177057,0.129234701,0.112711879,2.28451424,-0.574405599,0.883666622,-0.651388236,2.58872315,1.63448835,3.940852,-0.501572309,-0.752389177,1.57012503,-0.471426619,-0.0323670083,1.87001542,1.01885482,-0.122229125,-1.08827704,-0.0628892207,-0.927049255,0.659707421,0.253420996
Momentum,-0.681803533,-3.4369469,-10.1101259,-5.72977961,-8.82017932,-17.5963594,-5.98805736,-2.73695941,-4.46806814,-6.52820698,2.10992966,-8.07338309,1.23929739,-10.3485942,-2.75763327,6.29940728,1.49788928,-1.65815504,-9.22780677,-3.29009952,-6.13279219,-5.10490374,-4.96160223,-1.47928048,-0.738056791,0.915214064,-1.49315961,-4.74375355,6.25919632,-18.5647332,-0.276453058,1.69210757,-0.44149139,1.32596273,1.16804396,4.20362292,-3.00793895,-11.8726806,-6.82751714,-7.99504776,0.25332987,4.16269207,-1.79004937,-5.3911729,0.104645095,-1.82961961,-2.26534339,1.35356558,-3.13343406,-3.76610946,0.564269215,-0.427920772,29.9241946,4.69535063,-2.18687077,-6.52574029,-0.0808511179,-6.50451969,-0.201813806,0.291036531,1.12558856,0.240204158,-0.539648655,-9.98380546,-9.38289815,3.89443773,9.49592789,-3.28660286,1.66039365,9.4014994,-9.18508955,-9.65753311,-6.98944478,-0.75788421,-6.80363936,-11.7090465,-2.13849157
Multi-Utilities Water Utilities Power,6.92156274,-29.1450714,-5.30983874,-17.8921775,-36.8900248,-35.65444,-19.8412064,30.6751106,7.5377868,5.91116483,1.72738369,2.9225544,22.9360169,-25.4540639,3.65740955,-5.2556028,-22.0591438,4.51484251,0.57194915,21.5161541,-24.4468979,1.79069307,-11.622836,3.37665569,-1.48237408,-2.75318611,-5.18537957,30.3908349,159.717802,-14.6218204,0.699653494,30.91928,22.3276424,102.459621,0.622566605,20.5648082,21.4283744,40.5447764,-16.0242688,-14.7571093,27.1807824,-29.1778991,-1.88998162,-4.81603664,-25.154395,1.13010193,2.12553771,1.11155728,-2.01087469,-12.5060028,23.5936874,-2.22988197,4.69535063,230.647851,13.2089791,5.52474739,20.9651834,57.5635183,-1.4250076,25.8828197,56.6346753,3.6937276,-6.55406806,29.5372878,-18.2711608,-38.4603245,-44.9317132,2.04573447,6.51372355,-31.6506936,0.657965156,10.2477347,-9.3314787,40.5387221,-21.3853902,-16.1552473,-2.06536089
Oil Gas and Consumable Fuels,24.5646173,-62.92179,87.9563303,-35.6860431,-32.6904706,10.6056073,-5.36672454,-2.0457428,-37.2063981,-14.7062186,-9.4304248,54.0760116,50.3168783,38.1030815,2.87350987,-33.2605159,-50.7709429,5.60361767,13.4687533,-4.8497625,-10.5156327,-14.0878796,4.36918327,-1.23144676,0.516046733,-1.07610032,8.44241332,34.3764717,0.717707295,337.775185,0.711240028,-15.792544,-19.2664864,2.81397886,0.695335813,-21.1639879,-19.2686097,-34.7145193,-36.8987723,20.0697766,5.48842761,-20.041941,3.24535015,-30.7876712,0.0692925328,6.22185609,15.6717854,-0.966263903,1.79592969,-7.6311822,-2.92117542,0.126177057,-2.18687077,13.2089791,321.057859,286.749902,-9.81603909,101.660947,0.221876447,-20.9491152,-10.6362877,-20.1308485,-6.56011684,-41.7371135,12.9229923,-55.8316427,-59.6718037,-3.54617059,-1.53329726,-13.3382317,-27.6063843,-2.92108623,-26.0240572,-0.358811468,35.7515677,-10.71504,7.01556988
Oil and Gas Exploration and Production,30.4413975,-107.50519,127.391028,-43.4475666,-27.0337386,9.6250616,-1.29767585,-17.6968543,-56.9408328,-24.4448383,-11.6060431,93.463606,74.7594315,59.1360375,8.41242943,-59.8862807,-61.5410174,0.868984639,9.09875044,-3.10841472,-5.90399363,-24.1363519,-2.72820845,0.628867478,-1.19032111,-0.254577894,7.86318556,57.4017462,-26.6063753,605.888553,2.25924832,-26.249324,-15.759677,-13.119184,-0.399832705,-31.8920792,-39.0587629,-87.8011819,-51.1618747,34.3161666,0.288422141,-40.8022277,6.5594101,-41.4053836,-9.74265278,10.9756979,12.3647884,-3.03318016,5.62646599,-5.79817899,-2.61167013,0.129234701,-6.52574029,5.52474739,286.749902,657.681011,-23.3515757,155.091119,-2.79403424,-34.9129291,-32.265473,-30.3197937,-9.79350022,-77.3516053,10.8256882,-55.0466964,-54.0275064,-3.31411377,-1.01772087,-45.9838155,-45.7919378,17.7857139,-24.8609829,-21.1707189,54.2627862,1.63457619,8.90739874
Pharmaceuticals,-4.11090321,-4.85564835,-12.7004537,-0.174106875,-51.8455679,-22.9774006,-18.3477798,16.2824063,100.951187,-1.36860874,0.279773016,-4.48143465,-13.7629277,-22.1206164,-5.73788142,-13.8286709,-28.2027435,-1.82514399,-15.4734723,4.11302958,-35.9014924,-0.736365062,-10.9384319,-0.239592156,-0.767871357,-1.45106372,-3.34735538,-19.0946768,19.9345085,-33.3819172,1.4948653,13.9850902,3.73295077,8.16308069,-2.40103758,36.076229,43.8167296,-7.74607861,-7.31645833,-19.0008701,16.1169181,-13.5490903,-1.10147194,-15.0649317,-9.96184448,-0.659794459,0.288926869,-2.11104353,1.35695789,-4.36616787,52.8462613,0.112711879,-0.0808511179,20.9651834,-9.81603909,-23.3515757,146.049404,-8.56862151,0.0401687964,12.195381,0.977521254,-5.80340695,-7.45556867,-10.8050162,0.726196552,-44.0387842,-38.4462105,-0.190122812,0.00631769328,-18.737133,-10.4985258,-5.39661058,-8.25164861,18.8385556,-22.1611926,-16.2128955,-1.59316296
Precious Metals Gold Mining,18.0070525,-73.4327222,168.317695,-29.3282275,-16.0756904,-53.4636097,-11.2073261,-0.501638568,-17.2581867,-3.10118224,-8.07806489,97.1258413,44.8544771,74.1480892,12.8618388,-16.4596197,-8.75035482,-8.81324134,0.676372292,25.6875647,-16.3872212,-5.86891001,-19.3903881,3.32046749,1.4472725,-0.344645757,5.74497196,49.6236453,25.649541,224.001839,1.95754089,0.644593852,-7.06615474,6.05956385,1.81927324,1.47220516,-3.47958543,-9.17185353,-12.9033054,22.2885402,-13.8084611,-32.6112109,4.54687857,-12.7239762,-4.90365268,7.26741167,-10.8681895,-5.0269483,3.85611854,-7.82886335,-13.7331421,2.28451424,-6.50451969,57.5635183,101.660947,155.091119,-8.56862151,613.044637,-0.729612409,-11.4948207,8.04544432,-22.8033667,-8.49579383,-28.2404787,-18.1235502,13.8067767,2.0413444,0.089385698,4.11979374,-46.7433815,-47.4544664,49.3807715,-7.49550124,3.18920645,17.5872679,-3.44958734,3.80155899
Profitability,0.030764408,-3.62163027,-0.327874009,-1.07189791,-0.318323413,1.27459257,-3.02784119,-0.902043161,0.492083759,-0.558919159,0.201892135,-0.784711125,-2.30227766,-0.604733655,-0.38364777,2.51036084,0.537427241,-0.173494833,0.708802221,1.21133301,-3.52975612,1.76986416,-2.44498179,-0.681968096,0.234235195,-0.409676427,0.0939285639,-2.04088421,-1.03452014,-2.89796925,0.0505775896,2.64940952,-1.53827313,0.725453309,-0.134764139,-0.222388602,0.205612783,2.49686622,1.09892973,-1.33802206,-0.45621627,1.20189463,0.291321738,-1.67350013,-1.68451746,-0.313708601,-1.89558769,-0.367741867,-0.0464251097,-0.0107204459,-4.69325642,-0.574405599,-0.201813806,-1.4250076,0.221876447,-2.79403424,0.0401687964,-0.729612409,4.20581745,0.00625167518,0.615362687,-1.42585064,-2.5824831,-1.58962023,1.06859324,4.19906193,4.47644113,0.451022294,1.38569564,0.864207742,-1.15881715,-2.05905531,-2.05116515,2.35152089,-2.06601599,-0.461017115,0.61456688
Household and Personal Products,-0.205332219,19.9737458,-16.6819196,25.7398093,-7.24608854,-21.9186586,-16.9727588,49.1623085,3.58345946,1.94436615,-0.826629031,-2.73475623,-8.12777801,-5.19263434,-4.13539875,-11.5552653,-20.7693072,2.4765987,-0.627170235,20.65702,-33.9549465,15.6453204,-9.91102778,1.0683952,-0.179921612,-2.27340432,0.955079461,-20.6862983,22.1596098,-51.296128,0.189373749,47.6108237,26.6676518,22.2139826,0.42072237,17.0550085,16.2024463,11.6552954,25.8456006,-2.9508456,12.8058122,-4.50557829,-0.65387104,38.0301319,5.26788987,0.717598033,-6.7845445,0.153070042,2.72373719,8.00513525,0.906333692,0.883666622,0.291036531,25.8828197,-20.9491152,-34.9129291,12.195381,-11.4948207,0.00625167518,133.223393,10.9905281,20.1857646,-8.93925225,-9.97277361,-1.85178397,-33.3620008,-34.6510801,-1.11710143,4.51806522,-7.27280936,12.6734205,3.43591289,22.9189705,17.9081477,-14.6803165,5.8076663,-0.317892667
Real Estate,-0.444407705,7.8006846,-10.3765428,5.65673964,-5.87435639,-17.8302747,-6.81479217,15.5470945,2.28720012,7.17997838,3.5680589,-13.1244174,-3.71394689,-21.9650187,6.00192784,-6.86875659,-14.6535226,5.79393967,-1.00250078,2.52327638,-4.69671222,1.5670634,-6.99777417,0.927150006,-1.49416817,-0.991546979,-5.3039521,-10.4753386,54.5440519,-43.5916298,0.296307149,13.9375313,8.61062282,46.6292447,-0.478710461,11.7255484,12.1802824,46.0628004,9.26526163,-14.2480673,10.9420822,-12.6559517,-0.638975844,-2.59598895,-4.02814154,2.36991569,-3.94772178,0.767612613,-1.06750564,-1.68828862,7.88429248,-0.651388236,1.12558856,56.6346753,-10.6362877,-32.265473,0.977521254,8.04544432,0.615362687,10.9905281,96.5138235,9.09182119,-3.18614067,62.5924384,-3.99613089,-27.3611161,-30.7002558,2.02634743,2.68065857,-12.1944559,11.3533043,-10.5863532,4.84125352,23.6747993,-14.9811188,-8.97555768,-0.234881151
Restaurants,6.32099212,58.355913,-15.3697494,58.0072551,-10.6681706,-13.4631263,2.64540524,19.1181168,-9.38292351,10.4303388,-2.78104053,-4.62667897,3.56550804,-2.36963342,10.050967,-7.87376647,-21.6186214,6.79972442,0.612499759,3.5355317,-8.61166988,28.4098787,0.430238269,-0.541548624,-0.632796454,-0.876674306,0.650403681,-23.6846234,7.35093879,-49.4906805,-0.593168736,24.5166469,27.649628,3.16979972,0.484626144,11.1253299,17.8262422,39.8246699,26.6985303,0.235190808,5.09155125,-2.13235112,-0.230169025,51.6323703,37.9182131,0.405511263,-0.0333836655,-1.08530169,2.49391023,7.63935768,-8.53626297,2.58872315,0.240204158,3.6937276,-20.1308485,-30.3197937,-5.80340695,-22.8033667,-1.42585064,20.1857646,9.09182119,152.036808,-1.99486764,4.24057711,20.0777271,-29.8225159,-50.0705453,-1.84445361,-0.466498899,-12.9666966,37.8685343,-8.11380134,70.218691,17.2634641,-0.558873895,6.04081997,-0.792802497
Residual Volatility,-4.44779904,-7.23371394,-7.02842408,-0.0850759265,-0.490271092,-2.37415598,17.4533993,-5.90767016,-4.86343458,-2.11105213,0.945008714,-1.19987447,0.134843069,0.26956546,-2.24693659,4.09608271,12.0004507,-2.87450189,-5.25248566,-4.26992254,24.7298055,-4.3483508,4.418361,1.25985922,-0.311502469,1.06440695,-0.951237873,9.53699708,-6.69095673,-13.3305847,-0.619896224,-10.1277645,-0.359846666,-5.69091215,0.724036302,-5.7397659,-3.75357998,-4.02027009,-2.88507627,0.973015689,-6.71566867,1.99830526,-0.858022476,1.3026212,-0.862805236,-1.13286161,0.4398501,2.12969589,-1.07708825,0.152130706,-7.65821202,1.63448835,-0.539648655,-6.55406806,-6.56011684,-9.79350022,-7.45556867,-8.49579383,-2.5824831,-8.93925225,-3.18614067,-1.99486764,19.5908334,10.3703647,-3.54026885,2.76630129,4.49096013,1.41580478,-4.62068457,6.5777515,4.97239299,0.483650118,-1.31438086,-4.9156818,0.803172237,-1.29793335,-0.346534881
Real Estate Management,-5.9218122,15.1538837,-20.1627584,-5.57555016,26.6940868,-4.16470971,23.3610705,-1.28616627,8.92225589,64.1855053,8.93255336,-18.2822719,-8.47097337,-0.873045733,37.3737263,-8.49968684,8.1144834,6.48371304,-16.5486038,-2.36249128,57.6603432,-18.3427578,8.61433169,5.48775379,-0.495582014,-3.13668788,-11.4149998,10.0573613,29.7936838,-78.6323154,-2.14506462,-11.3610268,-16.230473,15.5370701,-1.40745703,1.58477197,14.878363,175.161493,31.9721258,5.09358441,6.91055352,-2.55718827,-3.00784677,9.18869079,9.07021582,4.71938551,3.5676079,2.01486485,-2.67332407,1.30145718,-2.60927636,3.940852,-9.98380546,29.5372878,-41.7371135,-77.3516053,-10.8050162,-28.2404787,-1.58962023,-9.97277361,62.5924384,4.24057711,10.3703647,430.754374,-12.5924119,-34.5514682,-23.9930979,6.67510631,-5.64544824,3.37571005,46.4155605,-5.51052134,-7.46383631,-10.2346294,13.2438062,-17.2597042,2.75551077
Road and Rail,9.44741961,45.6205996,41.31983,18.8932214,13.835724,32.2698187,10.6218055,-2.21485972,-5.17217524,36.5960393,-6.75915093,19.3431011,23.94418,54.7187453,40.9615981,-28.2066696,-20.3733997,13.9768183,17.2312003,13.9799061,8.57787388,20.3741898,12.5796244,-0.827659839,-1.03403382,-1.43827776,0.768136495,35.9654508,-18.1298201,30.9218203,0.262625577,-5.55899033,6.45031092,-7.68884956,-2.72922495,-15.2454854,-2.37501282,33.4366709,19.2507121,38.3870152,5.94387919,-23.7469492,2.81598855,7.11756777,21.4414094,1.07680043,7.6277221,-2.98462183,3.93680807,-11.2701935,0.698327435,-0.501572309,-9.38289815,-18.2711608,12.9229923,10.8256882,0.726196552,-18.1235502,1.06859324,-1.85178397,-3.99613089,20.0777271,-3.54026885,-12.5924119,190.005435,-21.7057805,-20.9181557,2.71738332,-3.90742,-23.0283348,28.8645557,15.4541724,21.1021012,-11.373448,54.9152872,82.108367,2.78054069
Semiconductors,-28.3501086,-29.170735,-22.8781845,-35.6079039,52.6993169,-38.6391461,9.60678779,-43.5131369,-40.5800771,-14.4917771,2.5045167,0.857200322,-4.43413746,-9.96220703,-17.9437946,71.3644409,113.750689,-26.3381843,-17.6173856,-10.5015607,23.4200527,-36.8147481,-34.9236032,-3.78234344,-1.39586924,3.12339517,-0.200977669,26.371071,-42.4666386,-72.2470567,-1.4596757,-32.1937605,-26.4819402,-28.6292379,-0.646893287,-27.3768728,-37.4832633,-30.6942724,-35.8905523,-12.5837253,-60.162559,-9.98715295,1.33071618,-22.9497701,-17.2781335,-3.83565818,-54.1018516,0.338052193,-3.31449955,-32.4347618,-85.5409314,-0.752389177,3.89443773,-38.4603245,-55.8316427,-55.0466964,-44.0387842,13.8067767,4.19906193,-33.3620008,-27.3611161,-29.8225159,2.76630129,-34.5514682,-21.7057805,308.568717,297.258771,1.01349011,4.39798388,-6.15437504,-39.4521145,12.6636136,-39.5005819,-42.1559901,-18.4118442,12.2073476,-1.62584033
Semiconductor Equipment,-28.0338377,-33.4533376,-17.1908098,-37.5881467,65.5794925,-62.4703876,14.3728987,-54.265002,-37.8121354,-4.7741353,5.85748707,0.238620276,-11.5743687,-19.8844103,-24.5417324,63.9888795,131.183138,-25.1352073,-31.3783653,-20.9810066,41.1554639,-36.899847,-41.9781993,-3.6253424,-1.59125089,3.12252306,-1.46901708,50.0150028,-54.9883285,-71.8276822,-1.05184078,-46.2756012,-37.1685155,-38.9720069,1.97408598,-26.495695,-43.0192141,-36.2964618,-39.7748993,-9.61379346,-72.7706118,-7.07231298,1.15268666,-32.6917185,-30.2521212,-3.8226382,-73.1657809,0.543293149,-4.42035817,-59.0615109,-72.6007669,1.57012503,9.49592789,-44.9317132,-59.6718037,-54.0275064,-38.4462105,2.0413444,4.47644113,-34.6510801,-30.7002558,-50.0705453,4.49096013,-23.9930979,-20.9181557,297.258771,589.977295,0.0656777563,4.03765475,-5.30719939,-38.0375391,27.5039003,-53.3318919,-59.1571155,-26.6032351,-9.98449382,-0.211819202
Short Interest,-2.27289621,0.123851445,1.52099144,-1.80661222,3.34425708,4.5158097,0.94383277,0.0635367209,-0.225789722,3.5926865,-0.234819078,2.25297129,1.56522806,4.73647268,2.70372878,0.756238992,2.74486053,1.78081676,-0.179660792,1.77501175,1.8567241,0.943289223,1.64384237,0.432631066,0.3064521,-0.355022294,-0.581861992,5.33622562,1.21757864,-2.45423425,0.0781210372,0.233686802,1.99535951,0.918379471,-0.536075809,-3.0440426,1.78630383,6.25996061,0.462492691,2.26286981,0.0848340687,-4.41768579,0.49571958,-0.379858637,-3.97365831,-0.762031532,-0.488202182,0.169882491,0.575722636,-0.778566911,-0.290741022,-0.471426619,-3.28660286,2.04573447,-3.54617059,-3.31411377,-0.190122812,0.089385698,0.451022294,-1.11710143,2.02634743,-1.84445361,1.41580478,6.67510631,2.71738332,1.01349011,0.0656777563,5.31072154,0.0950999635,-3.09743732,4.52691706,2.76908473,-0.819385699,3.1354618,2.38000401,3.48915941,0.100951723
Size,-3.16171035,1.08960756,-4.89919939,-2.68351884,-3.24004947,-7.70175375,-6.56901382,1.36153708,-1.92964155,-6.00354504,0.405015824,-0.186552374,-3.6387997,-4.23250976,-2.96131921,2.06033089,1.3657503,-1.02610503,-0.389500517,4.20641019,-5.90065372,0.586114046,-1.13634791,-0.859084816,0.0526927958,0.48339082,-0.569597325,-4.15786888,5.98437573,-3.64418825,-0.244540895,6.35922331,0.267608301,6.25355292,-0.207313909,0.88315506,-1.62662645,-10.7395479,-3.30377336,-3.84551438,3.43789416,0.542940134,0.21321611,-1.95275156,-2.20179101,-0.392843226,0.307492099,1.44513809,-0.207008788,-1.44656956,-4.02975399,-0.0323670083,1.66039365,6.51372355,-1.53329726,-1.01772087,0.00631769328,4.11979374,1.38569564,4.51806522,2.68065857,-0.466498899,-4.62068457,-5.64544824,-3.90742,4.39798388,4.03765475,0.0950999635,9.23465745,1.49527333,-7.16771717,0.199791088,-3.04490191,1.93842876,-7.62168761,-1.5730646,-0.332849887
Software,-8.32663052,-12.0842196,-38.2248359,-33.4462768,-30.941507,-22.1227421,4.53782101,-12.0287633,-18.2532784,-37.5894326,5.46220123,-30.9081607,-40.221627,-38.8170326,-34.9406023,23.9342604,6.1985361,-6.14153842,-13.4726489,-19.4591623,7.72991929,-20.4875043,-6.16707624,-1.85149801,1.10478876,0.816730075,-1.90069937,-37.7339613,-15.8292848,-55.7871289,-0.970145334,-9.41597416,-17.8491479,-6.86615132,3.81472601,2.99910786,-18.0475083,-36.4025952,-7.58452722,-27.9483058,-13.8424447,48.0280775,-4.06584992,-20.391482,-4.548785,-4.15734994,-15.2071179,4.15319116,-4.25663006,-0.510956919,-15.5409426,1.87001542,9.4014994,-31.6506936,-13.3382317,-45.9838155,-18.737133,-46.7433815,0.864207742,-7.27280936,-12.1944559,-12.9666966,6.5777515,3.37571005,-23.0283348,-6.15437504,-5.30719939,-3.09743732,1.49527333,108.807764,-25.6301863,-31.0665325,-33.8752066,-9.12316067,-28.1702681,-18.6282926,-3.19699372
Specialty Retail,-6.09954997,16.4955143,-15.0466146,93.1973475,26.7830318,0.79370128,9.50085032,11.0755975,-1.63952244,70.5485953,-1.19547987,-3.5890894,16.2912786,22.8966827,38.2206328,-18.2408161,-10.6574864,11.4039608,2.06717889,0.211942499,6.83645337,62.3140601,9.74963082,2.8925818,-0.409161585,-1.85263527,0.900332546,12.8681709,0.0998591088,-49.2083815,0.401899222,4.53456467,27.2071234,-10.2449249,-3.48659612,-11.1097671,12.611224,136.584358,73.82829,25.0977852,4.87550397,-22.3396427,0.15566669,58.8852795,12.7392614,1.27921657,8.87325652,1.04361933,2.01720953,-6.12402816,4.82481159,1.01885482,-9.18508955,0.657965156,-27.6063843,-45.7919378,-10.4985258,-47.4544664,-1.15881715,12.6734205,11.3533043,37.8685343,4.97239299,46.4155605,28.8645557,-39.4521145,-38.0375391,4.52691706,-7.16771717,-25.6301863,188.605122,9.67444535,100.240385,-4.53619685,37.6740308,19.809006,0.141978686
Specialty Chemicals,-0.784549131,21.8556933,55.0271334,5.64158501,34.8466219,8.62350228,7.60238087,6.69834153,-8.29118723,40.7388735,-6.81936886,62.8589886,39.2837499,46.4407955,44.3777727,-16.3680261,5.85566584,9.04130905,20.7792091,51.6723222,14.4563761,2.22264315,7.62979603,1.32144955,-0.625150615,0.805193365,3.40031237,53.6591039,-5.08141439,28.6941627,0.299366302,-4.40900388,-2.43572258,-9.62110086,-3.81542058,-19.6096096,-9.8987938,18.092966,12.6899426,43.5752093,1.43692593,-22.2997791,3.55136385,18.578208,4.05589629,1.22871587,5.80269233,-2.35810463,3.13730517,-17.1349459,-8.45344812,-0.122229125,-9.65753311,10.2477347,-2.92108623,17.7857139,-5.39661058,49.3807715,-2.05905531,3.43591289,-10.5863532,-8.11380134,0.483650118,-5.51052134,15.4541724,12.6636136,27.5039003,2.76908473,0.199791088,-31.0665325,9.67444535,161.703203,17.2071038,-24.1885295,35.5388299,28.8991481,2.7586337
Specialty Stores,3.04201453,33.3424218,15.0017824,184.667706,8.93167504,-20.3279981,-3.47320901,11.7871241,-6.81301804,54.5282997,-5.3716078,-0.0578553007,21.4705209,9.24189151,26.8259715,-24.6670664,-30.2282969,8.91677974,4.02379229,15.2133581,-11.7505173,113.763406,0.793819949,3.93701125,-0.763956956,0.145408022,1.56551631,5.53271343,-12.0135281,-39.8603504,0.304201497,9.26055725,57.5219861,-17.6209193,-1.14516567,1.4540614,16.8009036,88.6247792,68.5050669,20.3738862,7.44819589,-24.7877396,1.17390726,131.734103,28.7320656,3.64964514,5.21440747,-0.990270748,4.14166475,6.35661915,3.42741613,-1.08827704,-6.98944478,-9.3314787,-26.0240572,-24.8609829,-8.25164861,-7.49550124,-2.05116515,22.9189705,4.84125352,70.218691,-1.31438086,-7.46383631,21.1021012,-39.5005819,-53.3318919,-0.819385699,-3.04490191,-33.8752066,100.240385,17.2071038,333.868413,8.12857928,24.9141254,15.4289396,2.18722989
Telecommunication Services,5.77016809,-6.89760652,4.07353809,10.7879318,-17.0858913,-20.41848,-20.7748995,17.9736175,11.642699,-28.8443986,1.84337293,-10.4673521,-7.24044414,-22.4171038,-20.2931394,21.6464953,-32.0484653,3.16951289,10.3077094,4.43762855,-46.5102022,16.8855984,-6.71252522,-1.51002559,-1.38076955,-2.30623881,-4.13713752,-13.8963154,39.2155046,-41.8192761,1.53368481,33.2523996,21.3088589,26.3368515,1.12877292,9.71549348,20.362348,-14.8810297,4.02552539,-24.1051156,15.5731583,-9.52049371,-0.583903491,2.50962653,-13.0613647,-1.37746016,6.34205913,-1.09966632,0.875136458,41.1729316,18.8432806,-0.0628892207,-0.75788421,40.5387221,-0.358811468,-21.1707189,18.8385556,3.18920645,2.35152089,17.9081477,23.6747993,17.2634641,-4.9156818,-10.2346294,-11.373448,-42.1559901,-59.1571155,3.1354618,1.93842876,-9.12316067,-4.53619685,-24.1885295,8.12857928,229.943442,-23.8019843,-2.56119372,-2.06229493
Trading Companies and Distributors,24.3360855,13.6354606,73.1683951,17.0015492,25.0272496,42.7391525,18.3741294,-8.15222735,-19.328274,78.2400703,-8.61782962,44.8850346,71.245678,98.0110999,72.6903671,-24.0450702,-11.5560062,18.2634736,17.6400811,15.7285906,29.1285014,5.93698876,22.7844806,1.25194452,0.530827454,-0.00171637954,4.87156265,72.1626057,-23.1022447,114.661697,1.06539016,-14.9680533,-2.29317438,-26.0820359,-3.65717517,-33.6632048,-7.03548022,62.5605797,10.0827743,73.7074685,7.56267347,-31.6451039,2.9222245,4.49365081,17.7959661,3.54483946,18.8115793,-3.34757341,2.88741983,-15.1770249,-12.8373393,-0.927049255,-6.80363936,-21.3853902,35.7515677,54.2627862,-22.1611926,17.5872679,-2.06601599,-14.6803165,-14.9811188,-0.558873895,0.803172237,13.2438062,54.9152872,-18.4118442,-26.6032351,2.38000401,-7.62168761,-28.1702681,37.6740308,35.5388299,24.9141254,-23.8019843,171.360215,34.3259027,4.94127934
Transportation Air Freight and Marine,-8.74671001,34.307306,33.8359619,4.64700161,29.8155675,34.9853473,4.45359016,3.36458549,-12.8302889,23.5328335,-3.33571052,25.490911,14.5317989,36.6627875,19.7019102,-13.4354403,-7.94300825,1.27249328,24.9122437,35.4008956,-1.92273867,8.65934059,6.86572644,0.428573822,0.694860715,-0.935738468,4.47265348,28.4780144,-20.7021093,16.3126503,0.141115414,1.4076681,6.76978623,0.729127931,-1.64531133,-12.5993067,-8.52793521,9.32455636,17.4378788,25.6661628,-0.871903531,-19.6517181,3.71641644,16.6362654,11.4437423,-1.08022349,6.13449217,-4.28637329,3.27188081,-5.57216279,-10.6399036,0.659707421,-11.7090465,-16.1552473,-10.71504,1.63457619,-16.2128955,-3.44958734,-0.461017115,5.8076663,-8.97555768,6.04081997,-1.29793335,-17.2597042,82.108367,12.2073476,-9.98449382,3.48915941,-1.5730646,-18.6282926,19.809006,28.8991481,15.4289396,-2.56119372,34.3259027,245.493719,1.5644037
Value,3.39079835,4.07051999,4.75457521,4.26051376,3.25177287,6.26369076,1.90740257,0.241155431,-2.20005243,3.46854031,-1.01159216,3.88760283,2.43364736,5.18623029,3.61399244,-3.64464622,-2.7824512,0.856757111,2.25210573,1.21479384,4.87101532,0.523938526,1.97206406,0.531293175,-0.200829221,-0.58558246,1.08153631,4.92877168,-4.33339247,15.2839735,0.113654491,-3.0814672,-3.69543991,-2.62440158,0.0646504475,-2.95209819,-1.81669642,0.460871421,1.03243698,4.28634899,-0.0123913304,-1.40107514,0.960196443,2.49785387,3.60493003,2.37498309,1.68163376,-0.546895756,0.112913272,1.74567474,-0.505288213,0.253420996,-2.13849157,-2.06536089,7.01556988,8.90739874,-1.59316296,3.80155899,0.61456688,-0.317892667,-0.234881151,-0.792802497,-0.346534881,2.75551077,2.78054069,-1.62584033,-0.211819202,0.100951723,-0.332849887,-3.19699372,0.141978686,2.7586337,2.18722989,-2.06229493,4.94127934,1.5644037,4.65698239
